{
  "name": "PF2eGMScreen",
  "title": "PF2e GM Screen",
  "description": "A community made GM Screen to help run PF2E games in Foundry VTT.",
  "author": ">.tre_",
  "authors": [],
  "url": "https://gitlab.com/atakanaltiner6/pf2e-gm-screen/",
  "flags": {},
  "version": "1.1.1",
  "minimumCoreVersion": "0.8.6",
  "compatibleCoreVersion": "0.8.6",
  "scripts": [
    "scripts/resize.js"
  ],
  "esmodules": [],
  "styles": [],
  "languages": [],
  "packs": [
    {
      "label": "PF2e GM Screen",
      "entity": "JournalEntry",
      "name": "tres-gm-screen",
      "path": "packs/tres-gm-screen.db",
      "module": "PF2eGMScreen",
      "private": false
    },
    {
      "label": "PF2e GM Screen - Rollable Tables",
      "entity": "RollTable",
      "name": "pf2e-gm-screen-rollable-tables",
      "path": "packs/pf2e-gm-screen-rollable-tables.db",
      "module": "PF2eGMScreen",
      "private": false
    },
	    {
      "label": "PF2e GM Screen - Macro",
      "entity": "Macro",
      "name": "pf2e-gm-screen-macro",
      "path": "packs/pf2e-gm-screen-macro.db",
      "module": "PF2eGMScreen",
      "private": false
    }
  ],
  "system": [],
  "dependencies": [],
  "socket": false,
  "manifest": "https://gitlab.com/atakanaltiner6/pf2e-gm-screen/-/raw/main/module.json",
  "download": "https://gitlab.com/atakanaltiner6/pf2e-gm-screen/-/raw/main/versions/pf2egmscreen110.zip",
  "protected": false,
  "coreTranslation": false
}
